,Longitude,Latitude,TimeStampInMS,User
0,210205402,522336769,1634321507050,User1
1,212409801,523379745,1634839789647,User1
2,210904999,522197723,1634841015000,User1
3,210194492,522172318,1634910221000,User1
4,210028431,522265978,1634925528000,User1
5,209956995,522383285,1634925826792,User1
6,209963324,522387768,1634925851187,User1
7,209959801,522387905,1634925887901,User1
8,209964910,522388339,1634925892929,User1
9,209959853,522387431,1634925904054,User1
10,209954545,522399181,1634926070000,User1
11,209952165,522401682,1634926085000,User1
12,209949647,522400852,1634926091941,User1
13,209952199,522401473,1634926101000,User1
14,209948891,522400558,1634926124100,User1
15,209952228,522401503,1634926132000,User1
16,209951495,522399338,1634926139139,User1
17,209952218,522401503,1634926148000,User1
18,209948762,522401298,1634926159168,User1
19,209952200,522401509,1634926164000,User1
20,209948424,522403240,1634926295677,User1
21,212491246,523366195,1635152176425,User1
22,211485666,522382909,1635581974127,User1
23,211481075,522383087,1635581990246,User1
24,211504018,522389101,1635582010857,User1
25,211554980,522400356,1635582051388,User1
26,211562037,522382458,1635582194532,User1
27,209783939,522735788,1633089335938,User2
28,209740633,522729720,1633089617812,User2
29,209746477,522719563,1633089737838,User2
30,209747412,522696477,1633089986008,User2
31,209785984,522637513,1633090107248,User2
32,209833480,522539895,1633090348616,User2
33,209835518,522559798,1633090468674,User2
34,209844525,522575066,1633093443148,User2
35,209836667,522574958,1633093577694,User2
36,209833792,522570924,1633093828418,User2
37,209839040,522559720,1633093948792,User2
38,209837235,522543410,1633094070078,User2
39,209801018,522624002,1633094324958,User2
40,209742791,522729890,1633094697587,User2
41,209782918,522735016,1633094938764,User2
42,209781952,522761612,1633253848103,User2
43,209774307,522790641,1633254110000,User2
44,209775024,522787156,1633254127421,User2
45,209844144,522816795,1633254252123,User2
46,210205766,523010873,1633254987738,User2
47,210212500,523010550,1633262674000,User2
48,210140448,522942466,1633263088000,User2
49,210084516,522934825,1633263138676,User2
50,209929962,522787514,1633286782155,User2
51,209941044,522732735,1633287167004,User2
52,209970016,522727089,1633287455380,User2
53,209974442,522695198,1633287698236,User2
54,210038185,522664719,1633288194000,User2
55,210061131,522630310,1633288551439,User2
56,210196362,522494888,1633289767669,User2
57,210210915,522483101,1633289888500,User2
58,210313854,522389870,1633291161780,User2
59,209719486,522715645,1633292331425,User2
60,209794846,522747154,1633345315237,User2
61,209784454,522735526,1633357305476,User2
62,209742089,522730971,1633357563444,User2
63,209728870,522719920,1633357699329,User2
64,209721895,522714962,1633357735744,User2
65,210147802,522178448,1633369062575,User2
66,209942812,522578740,1633369549175,User2
67,209721165,522714996,1633431010186,User2
68,210016251,522445717,1633431558012,User2
69,209964387,522386971,1633434363010,User2
70,209961864,522384069,1633434613000,User2
71,209963624,522386887,1633434637838,User2
72,209938867,522415670,1633434759181,User2
73,209808669,522532182,1633435132729,User2
74,209777695,522654080,1633435373577,User2
75,209784801,522735890,1633448215351,User2
76,209746855,522719677,1633448582591,User2
77,209723078,522702483,1633448732682,User2
78,209782640,522650443,1633448974823,User2
79,209864675,522494497,1633449337955,User2
80,209964600,522388686,1633449701111,User2
81,209985176,522334515,1633449822282,User2
82,210047421,522228584,1633450063242,User2
83,210104283,522308963,1633457346601,User2
84,209794254,522764320,1633459386266,User2
85,209773216,522786598,1633459542599,User2
86,210203495,523013840,1633467268128,User2
87,210221120,522960573,1633467896613,User2
88,209943109,522870115,1633468403056,User2
89,209803621,522747760,1633469211391,User2
90,209783829,522735220,1633527253539,User2
91,209741480,522728891,1633527572078,User2
92,210104506,522308961,1633528330275,User2
93,210062098,522219526,1633538906000,User2
94,210049016,522228197,1633539056413,User2
95,209984161,522332293,1633539444000,User2
96,209985939,522339417,1633539459479,User2
97,209811572,522392762,1633540513164,User2
98,209775946,522430266,1633551959558,User2
99,209796840,522517116,1633552080830,User2
100,209839589,522549149,1633552201880,User2
101,209805008,522624476,1633552323060,User2
102,209778482,522652793,1633552443908,User2
103,209743181,522729649,1633552806090,User2
104,209773280,522786668,1633625848155,User2
105,209836982,522816947,1633625979721,User2
106,210034120,522902816,1633626100000,User2
107,210254489,522955394,1633626367666,User2
108,209778845,522787793,1633635994402,User2
109,209771914,522734008,1633707973252,User2
110,209762768,522732855,1633707989964,User2
111,209719358,522715386,1633708240660,User2
112,209851809,522690812,1633708441726,User2
113,210148127,522178176,1633728602889,User2
114,209721304,522715023,1633733876986,User2
115,209742227,522726334,1633733997562,User2
116,209761263,522732561,1633734118966,User2
117,209783801,522735792,1633803565638,User2
118,209757590,522732105,1633803732848,User2
119,209740286,522724253,1633803854394,User2
120,210087280,522076302,1633805204969,User2
121,210075092,522105865,1633805402637,User2
122,210079676,522352424,1633820935939,User2
123,209685273,522288062,1633821987389,User2
124,209673088,522291859,1633822003000,User2
125,209722693,522351434,1633822150270,User2
126,209735197,522375408,1633822392884,User2
127,209772717,522378875,1633822634788,User2
128,209793545,522634259,1633866407764,User2
129,209748177,522698546,1633866528230,User2
130,209741546,522725408,1633866649685,User2
131,209753298,522730943,1633866770750,User2
132,209778027,522737263,1633935084000,User2
133,209770522,522733816,1633935097635,User2
134,209746380,522730924,1633935218276,User2
135,209742751,522718592,1633935334505,User2
136,209723035,522702477,1633935482736,User2
137,209770455,522667492,1633935603921,User2
138,209802231,522621186,1633935749000,User2
139,209881896,522476126,1633936054374,User2
140,209967182,522390396,1633936301147,User2
141,209981454,522332217,1633936392000,User2
142,210019114,522277646,1633936482000,User2
143,210051961,522216824,1633936691686,User2
144,210039887,522203136,1633936853729,User2
145,210027966,522199820,1633936874142,User2
146,210030181,522201764,1633943253368,User2
147,210042769,522202267,1633943374422,User2
148,210048501,522199338,1633943498183,User2
149,210046020,522239597,1633943619265,User2
150,210012830,522273140,1633943740361,User2
151,209971127,522372464,1633943923686,User2
152,209936115,522422426,1633944066041,User2
153,209885628,522475538,1633944188414,User2
154,209843681,522546925,1633944429475,User2
155,210019991,522196147,1633944868743,User2
156,209940033,522579994,1633947314092,User2
157,209743004,522731171,1633948422980,User2
158,209757761,522731789,1633963639288,User2
159,209740446,522724546,1633963760547,User2
160,209745108,522719181,1633963880920,User2
161,209817573,522595567,1633964242926,User2
162,209885141,522476226,1633964606264,User2
163,209921314,522430407,1633964726232,User2
164,209957349,522421961,1633964847525,User2
165,209943249,522404478,1633964967432,User2
166,210147722,522178505,1633974610720,User2
167,209881916,522555809,1633975656574,User2
168,209856718,522567890,1633977726332,User2
169,209820167,522564883,1633977968683,User2
170,209810075,522563077,1633978087537,User2
171,209820224,522555921,1633978103032,User2
172,209815160,522600909,1633978290730,User2
173,209746355,522705685,1633978533415,User2
174,209742133,522727924,1633978654472,User2
175,209752726,522731255,1633978777382,User2
176,209774601,522734681,1634035006395,User2
177,209750455,522731743,1634035127353,User2
178,209740406,522722280,1634035370670,User2
179,209794566,522633269,1634035610289,User2
180,209833486,522540250,1634035850342,User2
181,209857588,522504011,1634035970456,User2
182,210039484,522279265,1634036472289,User2
183,210043866,522230940,1634036592706,User2
184,210044906,522222992,1634036712366,User2
185,210129434,522191440,1634061927287,User2
186,210145962,522183222,1634062047727,User2
187,210148029,522178288,1634062169569,User2
188,209751728,522730925,1634063298218,User2
189,209804668,522752724,1634124169012,User2
190,209815129,522745638,1634124312000,User2
191,209853282,522699732,1634124418000,User2
192,209851721,522690708,1634124559275,User2
193,210104705,522307702,1634125046862,User2
194,210112834,522302541,1634125137196,User2
195,210131953,522273669,1634125336000,User2
196,210128226,522275429,1634125341623,User2
197,210133839,522270831,1634125356673,User2
198,210133355,522272710,1634125366000,User2
199,210137513,522272501,1634125371882,User2
200,210133433,522272741,1634125396000,User2
201,210135903,522263811,1634125426766,User2
202,210153509,522235864,1634125460083,User2
203,210153172,522229374,1634125502793,User2
204,210145874,522182770,1634145224663,User2
205,210104130,522309060,1634145590828,User2
206,210038446,522045484,1634284800319,User2
207,210036117,522052046,1634284815554,User2
208,210031749,522063207,1634284882153,User2
209,210041501,522068622,1634284984459,User2
210,210047979,522069444,1634285169737,User2
211,210077452,522098399,1634285294179,User2
212,210118427,522191238,1634299957533,User2
213,210109310,522201500,1634303031769,User2
214,210148888,522199059,1634303163240,User2
215,210156441,522226562,1634303404987,User2
216,210120392,522296066,1634303646331,User2
217,210053883,522281456,1634304371524,User2
218,209847509,522300771,1634313537000,User2
219,209900210,522250040,1634313696179,User2
220,209919166,522255877,1634313713000,User2
221,209923133,522255277,1634313719006,User2
222,209920873,522257295,1634313728000,User2
223,210009755,522274017,1634313851000,User2
224,210007131,522272971,1634313861292,User2
225,210009704,522274310,1634313867000,User2
226,210049710,522228537,1634314179086,User2
227,210093786,522209102,1634320463037,User2
228,210107814,522207602,1634320583372,User2
229,210141565,522185726,1634320825611,User2
230,210147558,522178537,1634320946329,User2
231,210104728,522307410,1634321187676,User2
232,209729757,522720423,1634321915983,User2
233,209742586,522719910,1634322035835,User2
234,209780719,522735166,1634330733732,User2
235,209753763,522731089,1634330854845,User2
236,209720329,522715406,1634331097606,User2
237,210017413,522443446,1634331703894,User2
238,210023739,522431252,1634331945110,User2
239,210030041,522411576,1634338678282,User2
240,210039813,522425799,1634338858501,User2
241,210023031,522438438,1634338979034,User2
242,209741551,522725801,1634339757215,User2
243,209761575,522732768,1634339877813,User2
244,209784193,522735967,1634540072935,User2
245,209741157,522727957,1634540253681,User2
246,209745702,522718976,1634540374944,User2
247,209722921,522702567,1634540495319,User2
248,209778336,522656167,1634540616739,User2
249,209815354,522607692,1634540737156,User2
250,209853121,522510145,1634540978951,User2
251,209882140,522472735,1634541100226,User2
252,209931258,522422188,1634541220729,User2
253,209991534,522322041,1634541471254,User2
254,210026519,522203403,1634548102213,User2
255,210045104,522200343,1634548222524,User2
256,210047910,522196944,1634548343955,User2
257,210046222,522208485,1634548464008,User2
258,210026069,522272513,1634548585006,User2
259,210002916,522297044,1634548705070,User2
260,209963623,522356941,1634548826478,User2
261,209941491,522414904,1634551348303,User2
262,209857360,522504751,1634551710329,User2
263,209792292,522632229,1634552011738,User2
264,209743913,522706985,1634552133111,User2
265,209741282,522725223,1634552254532,User2
266,209756323,522731447,1634552374670,User2
267,209742480,522730199,1634565078323,User2
268,209746313,522718416,1634565199259,User2
269,209746313,522718416,1634565326958,User2
270,209724579,522704472,1634565450743,User2
271,209845300,522543370,1634565702175,User2
272,209852307,522508437,1634565822386,User2
273,209885690,522475384,1634565943159,User2
274,209992054,522326961,1634566313652,User2
275,210043123,522230203,1634566553757,User2
276,210048585,522199266,1634580055413,User2
277,210010079,522203264,1634580118300,User2
278,209999117,522200803,1634580140000,User2
279,209992455,522190243,1634580171000,User2
280,209898404,522191572,1634580372000,User2
281,209858975,522193551,1634580419000,User2
282,209787679,522387705,1634589393593,User2
283,209696636,522349484,1634589514027,User2
284,209786723,522387128,1634589639084,User2
285,209777614,522393471,1634589760115,User2
286,209777287,522419458,1634589880191,User2
287,209791224,522487242,1634590001453,User2
288,209834108,522540159,1634590121483,User2
289,209793759,522633870,1634590372787,User2
290,209741645,522711509,1634590504456,User2
291,209741101,522726270,1634590624532,User2
292,209761185,522731903,1634590748087,User2
293,209772597,522734206,1634650173090,User2
294,209748539,522731238,1634650293103,User2
295,209744860,522718692,1634650413434,User2
296,210118694,522312355,1634651396166,User2
297,210140629,522322502,1634651517490,User2
298,209729793,522720463,1634659951896,User2
299,209753601,522731003,1634660192376,User2
300,209782748,522736671,1634662698277,User2
301,209756329,522731785,1634662928278,User2
302,209737169,522725941,1634663055558,User2
303,209734133,522718304,1634663125000,User2
304,209843619,522550635,1634663491751,User2
305,209787895,522483368,1634663702000,User2
306,209787838,522497380,1634676437342,User2
307,209823713,522553085,1634676558392,User2
308,209802513,522622803,1634676678494,User2
309,209746283,522701142,1634676921345,User2
310,209741403,522726536,1634677042446,User2
311,209755971,522731366,1634677163595,User2
312,209774241,522734412,1634737228948,User2
313,209751063,522731012,1634737350091,User2
314,209719420,522715533,1634737591298,User2
315,210104635,522307575,1634738327787,User2
316,210110264,522144470,1634753017000,User2
317,210102043,522153015,1634753150000,User2
318,210096016,522162399,1634753261000,User2
319,210123778,522202138,1634761228024,User2
320,210172573,522211170,1634761349074,User2
321,210113669,522291136,1634761591226,User2
322,210092068,522347961,1634761712611,User2
323,210029145,522432142,1634761957021,User2
324,209982816,522535253,1634762200591,User2
325,209934385,522617455,1634762321549,User2
326,209831733,522722970,1634762600545,User2
327,209770149,522734483,1634829860190,User2
328,209744944,522730959,1634829987944,User2
329,209746759,522718797,1634830108190,User2
330,210148401,522022412,1634831009640,User2
331,210110350,522196395,1634837574000,User2
332,210106736,522200812,1634837585483,User2
333,210098796,522198066,1634837610750,User2
334,210048904,522198352,1634837856618,User2
335,210028121,522272913,1634838104769,User2
336,209983047,522336340,1634838349032,User2
337,209832920,522540255,1634838833047,User2
338,209832799,522552019,1634838953322,User2
339,209808350,522561111,1634839073242,User2
340,209840765,522547257,1634839194330,User2
341,209835202,522548798,1634839315331,User2
342,209837635,522562170,1634839436538,User2
343,209840331,522563639,1634842273874,User2
344,209832915,522561541,1634842292537,User2
345,209814148,522564008,1634842314207,User2
346,209831116,522552851,1634842508829,User2
347,209834246,522551154,1634842538269,User2
348,209777891,522655378,1634842781156,User2
349,209743059,522726230,1634843023630,User2
350,209754444,522731282,1634843144677,User2
351,209721718,522715073,1634882142297,User2
352,210046749,522070427,1634883374373,User2
353,210033849,522042406,1634889188000,User2
354,210037865,522041372,1634889193448,User2
355,210035914,522042971,1634889203000,User2
356,210039888,522042774,1634889219000,User2
357,210042593,522044221,1634889235000,User2
358,210039132,522047098,1634889266000,User2
359,210034877,522059005,1634889361000,User2
360,210030267,522063991,1634889409000,User2
361,210038959,522067275,1634889456000,User2
362,210072850,522124073,1634889677361,User2
363,210048666,522197728,1634889920115,User2
364,210129731,522194238,1634906927797,User2
365,210145076,522177728,1634907171800,User2
366,209742120,522727812,1634908406782,User2
367,209756349,522731625,1634908540623,User2
368,209723015,522702599,1634917372921,User2
369,209749820,522712470,1634917769123,User2
370,209766743,522668162,1634917825339,User2
371,209773489,522666995,1634917856650,User2
372,209838612,522532727,1634918134769,User2
373,209939548,522413185,1634918602833,User2
374,209979351,522334416,1634918727333,User2
375,210013499,522284289,1634919162000,User2
376,210030446,522260322,1634919354000,User2
377,210050599,522229712,1634919490575,User2
378,210117836,522200508,1634925633000,User2
379,209637786,522729241,1635014940338,User2
380,209613834,522755589,1635015060811,User2
381,209766538,522668457,1635146003545,User2
382,209792293,522487147,1635146304777,User2
383,209862443,522510815,1635146425875,User2
384,209881326,522475343,1635146546795,User2
385,209930781,522421701,1635146667031,User2
386,209970863,522362156,1635146787348,User2
387,210042632,522202644,1635147269889,User2
388,210018674,522197467,1635152681474,User2
389,210042943,522202054,1635152802918,User2
390,210050096,522199335,1635152924311,User2
391,210048377,522227527,1635153166407,User2
392,210029591,522272331,1635153233362,User2
393,209990313,522322725,1635153354664,User2
394,209954512,522386075,1635156046471,User2
395,209941375,522417383,1635156252186,User2
396,209889867,522471882,1635156373640,User2
397,209846728,522528401,1635156509442,User2
398,209741663,522721017,1635157034609,User2
399,209744881,522730789,1635157155132,User2
400,210104121,522308641,1635172013040,User2
401,210139716,522187635,1635172376211,User2
402,210107014,522209896,1635172618087,User2
403,210089252,522211466,1635172739375,User2
404,210070137,522220330,1635184164568,User2
405,210083727,522212915,1635184391213,User2
406,210088423,522214687,1635184407000,User2
407,210085501,522213082,1635184411097,User2
408,210108123,522209260,1635184530961,User2
409,210167799,522169847,1635184893464,User2
410,210097830,522314921,1635185134711,User2
411,209742822,522729518,1635185889642,User2
412,209784182,522735033,1635244409064,User2
413,209785455,522721156,1635244675097,User2
414,209720964,522715264,1635244916132,User2
415,210104151,522308493,1635245603882,User2
416,210149956,522181892,1635250831759,User2
417,210144329,522263336,1635251855915,User2
418,210133228,522279015,1635251990035,User2
419,210116844,522286148,1635252115890,User2
420,210105114,522294350,1635252246339,User2
421,210090504,522280540,1635252974988,User2
422,210107498,522274590,1635253136482,User2
423,210152702,522228203,1635253853584,User2
424,210068824,522220221,1635270857074,User2
425,210093529,522208468,1635271090247,User2
426,210112339,522206615,1635271210133,User2
427,209802792,522574960,1635271698604,User2
428,209770606,522734276,1635340411000,User2
429,209760042,522732234,1635340460614,User2
430,209795103,522628207,1635340839000,User2
431,209797869,522632112,1635340846512,User2
432,209795450,522628858,1635340869000,User2
433,209830983,522562477,1635340979617,User2
434,209793979,522491722,1635341199000,User2
435,209804193,522362803,1635342373000,User2
436,209813444,522345807,1635342418000,User2
437,209810372,522338488,1635342446400,User2
438,209946504,522261582,1635342808820,User2
439,210072861,522258301,1635343314416,User2
440,210114956,522190704,1635355254001,User2
441,210163994,522154083,1635355631892,User2
442,210123482,522157860,1635355843785,User2
443,210108051,522146988,1635356022239,User2
444,209869232,522115822,1635365046707,User2
445,209792069,522104968,1635366486000,User2
446,209771565,522120523,1635366601614,User2
447,209807120,522158435,1635366683000,User2
448,209856916,522191803,1635366866018,User2
449,210009780,522197492,1635367113297,User2
450,209999155,522201614,1635367128810,User2
451,210117079,522202552,1635367279302,User2
452,210163088,522198976,1635367400801,User2
453,210163000,522228655,1635367522038,User2
454,210066374,522367327,1635367898252,User2
455,210060990,522384820,1635367927046,User2
456,210042841,522394250,1635367948948,User2
457,209984624,522491478,1635368204971,User2
458,209984426,522538512,1635368325859,User2
459,209972478,522549603,1635368341368,User2
460,209974864,522554911,1635368357000,User2
461,209905469,522644777,1635368519000,User2
462,209897332,522646261,1635368526827,User2
463,209904143,522646355,1635368534000,User2
464,209874899,522678701,1635368579000,User2
465,209868038,522681718,1635368603139,User2
466,209873980,522679901,1635368610000,User2
467,209870335,522678409,1635368618070,User2
468,209872744,522681166,1635368626000,User2
469,209864984,522682317,1635368636171,User2
470,209816657,522749176,1635368876388,User2
471,209796906,522741820,1635368997728,User2
472,209783668,522736153,1635434946817,User2
473,209755340,522731667,1635435121847,User2
474,209720938,522715423,1635435376000,User2
475,210122047,522195139,1635440053804,User2
476,210128565,522183864,1635440373000,User2
477,210122047,522195139,1635440417303,User2
478,210122917,522187310,1635440433052,User2
479,210122047,522195139,1635440682987,User2
480,210144279,522183816,1635440804458,User2
481,210021632,522443603,1635441438589,User2
482,210184248,522495797,1635442027602,User2
483,210267034,522971169,1635449443318,User2
484,209769944,522791615,1635449950374,User2
485,209793363,522775309,1635450070173,User2
486,209780491,522770566,1635450202074,User2
487,209782131,522756438,1635450322095,User2
488,209782927,522734737,1635487465403,User2
489,209777692,522735891,1635487486145,User2
490,209750510,522731014,1635487607188,User2
491,209746754,522717568,1635487728280,User2
492,210047741,522059975,1635489097622,User2
493,210021196,522042341,1635493965952,User2
494,210036067,522053006,1635494200823,User2
495,210037817,522066127,1635494321903,User2
496,210038416,522068426,1635494381998,User2
497,210039484,522066726,1635494450560,User2
498,210052092,522179177,1635494707148,User2
499,210139580,522186394,1635508566659,User2
500,209983177,522527885,1635509905835,User2
501,209860937,522575077,1635511363342,User2
502,209983226,522527883,1635511605519,User2
503,209923498,522570544,1635511726468,User2
504,209938974,522582039,1635511847923,User2
505,209721005,522715334,1635512210951,User2
506,209752221,522730621,1635512452815,User2
507,209780529,522734333,1635522117435,User2
508,209743157,522731453,1635522357658,User2
509,209720209,522715678,1635522492528,User2
510,210105109,522308079,1635523095296,User2
511,210147591,522178482,1635531447556,User2
512,209729769,522720516,1635532226219,User2
513,209744933,522731127,1635532354474,User2
514,209865943,522694051,1635585874429,User2
515,209918863,522630297,1635585995493,User2
516,210207269,522635129,1635586468000,User2
517,210269422,522591928,1635586570878,User2
518,210292439,522564747,1635586632076,User2
519,210310922,522576151,1635586657884,User2
520,210337121,522559635,1635586723000,User2
521,210337331,522559335,1635586739000,User2
522,210337329,522559762,1635586772405,User2
523,210337249,522559336,1635586785000,User2
524,210392228,522510393,1635586954572,User2
525,210477962,522528610,1635587355079,User2
526,225417220,528699247,1635593852912,User2
527,231337813,531336012,1635597142058,User2
528,232019405,531549339,1635598398448,User2
529,209850855,522565721,1633090589760,User2
530,209853967,522565574,1633090717863,User2
531,209855522,522564062,1633090838888,User2
532,209853340,522566499,1633090959094,User2
533,209862818,522567798,1633091080153,User2
534,209863375,522573863,1633091441382,User2
535,209844271,522574893,1633091562455,User2
536,209861888,522574893,1633091682497,User2
537,209864826,522580615,1633091803538,User2
538,209861877,522577742,1633091982722,User2
539,209863226,522578966,1633092103899,User2
540,209858012,522574642,1633092223970,User2
541,209862416,522573927,1633092345457,User2
542,209863607,522567419,1633092465517,User2
543,209861035,522575363,1633093080958,User2
544,209848963,522571879,1633093201986,User2
545,209850412,522570573,1633093323180,User2
546,210071036,522216306,1633359843204,User2
547,210068571,522221314,1633360450019,User2
548,210068146,522220094,1633360571432,User2
549,210067554,522220984,1633360813566,User2
550,210068077,522220056,1633361188791,User2
551,210067513,522220993,1633366819172,User2
552,210059625,522229602,1633450191485,User2
553,210074687,522226412,1633450276321,User2
554,210069503,522220648,1633450417440,User2
555,210072754,522225236,1633529213324,User2
556,210072361,522219656,1633529334389,User2
557,210067934,522221841,1633529697902,User2
558,210068780,522222337,1633533483909,User2
559,210067833,522221839,1633533969917,User2
560,210068751,522222380,1633534042943,User2
561,210069356,522221001,1633536038318,User2
562,210068613,522219560,1633536099674,User2
563,210068731,522220535,1633536222397,User2
564,210068569,522219652,1633536649109,User2
565,210069824,522222323,1633538499874,User2
566,210070670,522217845,1633538816904,User2
567,210069634,522221914,1633538875000,User2
568,210070022,522218826,1633709692776,User2
569,210067641,522220873,1633709843887,User2
570,210069472,522219024,1633715650169,User2
571,210085712,522209918,1633715771632,User2
572,210101228,522213592,1633715891991,User2
573,210118056,522202899,1633716497049,User2
574,209852833,522572147,1633944928898,User2
575,209852453,522574662,1633945008938,User2
576,209861806,522575029,1633945068973,User2
577,209862317,522576518,1633945108983,User2
578,209862854,522578912,1633945171514,User2
579,209863800,522580697,1633945298250,User2
580,209864053,522579335,1633945540350,User2
581,209857592,522577595,1633946025709,User2
582,209861222,522579258,1633946267873,User2
583,209861361,522575257,1633946510271,User2
584,209862956,522573172,1633946903818,User2
585,210059809,522217995,1633965462517,User2
586,210069652,522221006,1633965583864,User2
587,210067779,522220936,1633965825807,User2
588,210069516,522219802,1633966066341,User2
589,210067139,522221019,1633966082211,User2
590,210069598,522219933,1633970224618,User2
591,210067436,522221016,1633970582152,User2
592,210068706,522222418,1633971398940,User2
593,210067888,522221223,1633971519365,User2
594,210069582,522219966,1633972802715,User2
595,210067761,522220932,1633972923310,User2
596,209863362,522573780,1633975903934,User2
597,209859191,522579638,1633976024970,User2
598,209851219,522579387,1633976146031,User2
599,209848042,522579236,1633976388196,User2
600,209858657,522578485,1633976509212,User2
601,209853125,522578754,1633976872381,User2
602,209855700,522575945,1633976993433,User2
603,209863304,522578591,1633977114463,User2
604,209861263,522579229,1633977235507,User2
605,209862118,522576602,1633977356530,User2
606,210059150,522219475,1634036754314,User2
607,210069890,522220188,1634036875000,User2
608,210070749,522218634,1634039976492,User2
609,210070149,522220803,1634041825887,User2
610,210085507,522212581,1634046828214,User2
611,210106953,522205036,1634047070020,User2
612,210094185,522205966,1634047432264,User2
613,210094624,522204280,1634047522544,User2
614,210094166,522207571,1634047813342,User2
615,210093397,522206918,1634050937202,User2
616,210095984,522209804,1634054039924,User2
617,210098502,522210224,1634054079971,User2
618,210106981,522205111,1634054149982,User2
619,210110301,522208504,1634054205000,User2
620,210101466,522214272,1634054311560,User2
621,210088286,522211250,1634054432629,User2
622,210070049,522221090,1634054682304,User2
623,210070420,522217421,1634061168046,User2
624,210093708,522209122,1634061302444,User2
625,210108761,522208699,1634061423933,User2
626,210107312,522208236,1634061551157,User2
627,210109281,522207024,1634061685805,User2
628,210077888,522228383,1634131878976,User2
629,210069602,522220773,1634131999965,User2
630,210069833,522223116,1634134179753,User2
631,210068036,522221545,1634134309846,User2
632,210069044,522220746,1634134430290,User2
633,210068036,522221545,1634134502239,User2
634,210068505,522222140,1634137612746,User2
635,210068879,522221221,1634137975271,User2
636,210068555,522222212,1634138102299,User2
637,210068044,522221846,1634138227509,User2
638,210068962,522220788,1634138515887,User2
639,210067861,522221816,1634138637292,User2
640,210069881,522219274,1634141150219,User2
641,210071697,522218988,1634141417003,User2
642,210069730,522220791,1634141537019,User2
643,210068378,522219332,1634141658102,User2
644,210067541,522215734,1634285837827,User2
645,210069077,522221584,1634285899472,User2
646,210068754,522220266,1634286045693,User2
647,210069618,522222209,1634291366289,User2
648,210069199,522220354,1634298321348,User2
649,210075750,522228601,1634314304638,User2
650,210069618,522222290,1634314428789,User2
651,210069707,522219764,1634314549808,User2
652,210081815,522226928,1634319179991,User2
653,210071479,522225289,1634566795026,User2
654,210070285,522220881,1634566915366,User2
655,210067869,522219108,1634568510368,User2
656,210068731,522221040,1634569858845,User2
657,210077355,522217741,1634578697405,User2
658,210096075,522211307,1634578826332,User2
659,210101549,522214167,1634578947002,User2
660,210106506,522210211,1634579187774,User2
661,210110523,522202198,1634579846407,User2
662,209847588,522195003,1634580434000,User2
663,209838893,522192720,1634580503000,User2
664,209855561,522193669,1634580607912,User2
665,209846450,522190984,1634580624000,User2
666,209851559,522195560,1634580679512,User2
667,209857225,522193777,1634580800541,User2
668,210083875,522214708,1634739133105,User2
669,210069677,522220887,1634739254564,User2
670,210068294,522221852,1634743402138,User2
671,210068533,522221128,1634743523563,User2
672,210068724,522219620,1634745821055,User2
673,210070567,522218691,1634746061917,User2
674,210066056,522219487,1634746183924,User2
675,210070245,522218665,1634746309581,User2
676,210069401,522219049,1634746429259,User2
677,210068730,522220384,1634747416209,User2
678,210068947,522219538,1634748854982,User2
679,210069746,522218361,1634749689741,User2
680,210079321,522220007,1634749809865,User2
681,210076860,522217295,1634749858000,User2
682,210140328,522186471,1634750443092,User2
683,210163570,522153253,1634750954560,User2
684,210161277,522162962,1634751439867,User2
685,210159259,522154105,1634751560992,User2
686,210158800,522163749,1634751682043,User2
687,210120485,522149410,1634752034000,User2
688,210127838,522192820,1634831381024,User2
689,210114958,522192332,1634831434275,User2
690,210125006,522190303,1634831575748,User2
691,210109080,522189072,1634832567737,User2
692,210124767,522190429,1634837403151,User2
693,210115151,522190610,1634837502518,User2
694,210111873,522195268,1634837558000,User2
695,209857253,522567344,1634839557905,User2
696,209863715,522566713,1634839691076,User2
697,209862969,522577342,1634840179008,User2
698,209861272,522576061,1634840421853,User2
699,209862999,522578716,1634840543354,User2
700,209858185,522578114,1634840785965,User2
701,209862917,522579807,1634841028400,User2
702,209862247,522575336,1634841635562,User2
703,209835832,522574560,1634841878364,User2
704,209837606,522564924,1634842240829,User2
705,210070133,522220846,1634890162401,User2
706,210068831,522221566,1634890221089,User2
707,210069267,522220309,1634890358192,User2
708,210069044,522219718,1634890599281,User2
709,210068728,522220331,1634892010958,User2
710,210068913,522220055,1634892131065,User2
711,210068984,522220312,1634892251473,User2
712,210069019,522219979,1634892371922,User2
713,210068768,522220265,1634892939418,User2
714,210068841,522219913,1634893181502,User2
715,210069170,522220139,1634893220024,User2
716,210068826,522219884,1634894674576,User2
717,210068618,522220942,1634894698723,User2
718,210070666,522218331,1634896499121,User2
719,210069616,522220822,1634897430915,User2
720,210069493,522222422,1634897543818,User2
721,210070358,522218268,1634903567639,User2
722,210077360,522227996,1634919610821,User2
723,210069541,522218599,1634919648551,User2
724,210069690,522219772,1634919769495,User2
725,210066309,522215217,1635172860288,User2
726,210069897,522220787,1635172981326,User2
727,210070027,522223037,1635246968439,User2
728,210095488,522210648,1635249381431,User2
729,210108664,522209494,1635249501860,User2
730,210114596,522204954,1635249864934,User2
731,210076702,522218597,1635254589623,User2
732,210070371,522220882,1635254711064,User2
733,210091208,522207722,1635257123734,User2
734,210100757,522209477,1635257365501,User2
735,210093412,522207044,1635257493033,User2
736,210093457,522205758,1635263399500,User2
737,210094408,522208126,1635263520938,User2
738,210099777,522209745,1635263641748,User2
739,210098805,522209459,1635263766537,User2
740,210105852,522202684,1635263890723,User2
741,210098834,522199344,1635264012279,User2
742,210076323,522202351,1635264132741,User2
743,210068626,522213266,1635264253859,User2
744,210069823,522221777,1635264373886,User2
745,210069222,522219016,1635264495298,User2
746,210068854,522220031,1635264615402,User2
747,210071773,522228754,1635343699015,User2
748,210069051,522218953,1635343824945,User2
749,210068545,522220617,1635344063347,User2
750,210069952,522221016,1635350461757,User2
751,210066581,522219039,1635350831815,User2
752,210067966,522219239,1635350954582,User2
753,210049154,522124672,1635356833928,User2
754,210028787,522125674,1635357198310,User2
755,210025389,522131488,1635359009880,User2
756,210026388,522122648,1635359410507,User2
757,210025434,522131468,1635359622764,User2
758,210026388,522122648,1635360015712,User2
759,210028787,522125674,1635362013462,User2
760,210026388,522122648,1635363704022,User2
761,210021718,522118766,1635364168000,User2
762,210124318,522190336,1635436480365,User2
763,210126301,522192348,1635436722381,User2
764,210109695,522189012,1635437097848,User2
765,210126417,522193146,1635437339159,User2
766,210060482,522218610,1635494974348,User2
767,210069139,522221052,1635495095434,User2
768,210068695,522219930,1635495217163,User2
769,210068780,522220437,1635498210294,User2
770,210068821,522220227,1635498452772,User2
771,210068855,522220557,1635498816058,User2
772,210068910,522220343,1635498937122,User2
773,210068984,522220918,1635499179303,User2
774,210068743,522219795,1635499300721,User2
775,210068749,522220441,1635500732975,User2
776,210070089,522222499,1635500854006,User2
777,210069947,522222182,1635501217173,User2
778,210070020,522222574,1635501338219,User2
779,210070068,522222123,1635502251309,User2
780,210070088,522222237,1635502372347,User2
781,210069743,522221727,1635502589910,User2
782,210062600,522219002,1635508001116,User2
783,210079462,522215620,1635508079000,User2
784,209863544,522574723,1635510147980,User2
785,209862223,522580236,1635510268977,User2
786,209861169,522579288,1635510511053,User2
787,209852960,522578372,1635510632114,User2
788,209854504,522580078,1635510874176,User2
789,209862405,522578128,1635510995256,User2
790,209860475,522575563,1635511121304,User2
791,210082575,522215343,1635523821524,User2
792,210070654,522221794,1635523942504,User2
793,210068562,522219916,1635524062550,User2
794,210070014,522222294,1635530220928,User2
